{"cameraMode":{"drawMode":0,"name":"Shaded","section":"Shading Mode"},"sceneLighting":false,"audioPlay":false,"sceneViewState":{"showFog":false,"showMaterialUpdate":false,"showSkybox":false,"showFlares":false,"showImageEffects":false,"showParticleSystems":false},"in2DMode":false,"pivot":{"x":1.1597617864608765,"y":-0.675595760345459,"z":3.135958433151245},"rotation":{"x":-0.009753290563821793,"y":-0.9588621258735657,"z":-0.03319070488214493,"w":0.2817564308643341},"size":2.0280754566192629,"orthographic":false}