{"cameraMode":{"drawMode":0,"name":"Shaded","section":"Shading Mode"},"sceneLighting":true,"audioPlay":false,"sceneViewState":{"showFog":false,"showMaterialUpdate":false,"showSkybox":false,"showFlares":false,"showImageEffects":false,"showParticleSystems":false},"in2DMode":false,"pivot":{"x":-1.8317843675613404,"y":1.328508734703064,"z":7.769099712371826},"rotation":{"x":-0.05531705170869827,"y":-0.2455458790063858,"z":-0.014035867527127266,"w":0.967703640460968},"size":26.315166473388673,"orthographic":false}